,KNN,RandomForest,SVC
blood,0.766042780748663,0.7379679144385027,0.7740641711229946
