,KMeans,Birch,MeanShift
blood,0.008958361389417186,0.015653319702512464,0.028772795113635074
