,KMeans,Birch,MeanShift
blood,0.013608270781154255,0.1383109036531778,0.07636856797419034
