,KNN,RandomForest,SVC
blood,0.38525699652460216,0.35243178322446617,0.2481611525729173
