,KMeans,Birch,MeanShift
blood,0.014636651832611022,0.014069947346877115,0.036514802177038744
