,KNN,RandomForest,SVC
blood,0.5120846834647192,0.43031517094017097,0.6208333333333333
