,KMeans,Birch,MeanShift
blood,0.5658099016732793,0.6326260709562418,0.6061324823184406
