,KNN,RandomForest,SVC
blood,0.31068840579710144,0.30178140096618356,0.16719504830917875
