,KMeans,Birch,MeanShift
blood,0.014038683128914275,0.024849559777019477,0.045855655978657615
